{"cameraMode":{"drawMode":0,"name":"Shaded","section":"Shading Mode"},"sceneLighting":false,"audioPlay":false,"sceneViewState":{"showFog":true,"showMaterialUpdate":false,"showSkybox":false,"showFlares":true,"showImageEffects":true,"showParticleSystems":true},"in2DMode":false,"pivot":{"x":3.8143134117126467,"y":0.800821840763092,"z":5.725307941436768},"rotation":{"x":-0.10095417499542237,"y":0.7047759890556336,"z":-0.10241822153329849,"w":-0.6947011351585388},"size":4.8342671394348148,"orthographic":false}