{"cameraMode":{"drawMode":0,"name":"Shaded","section":"Shading Mode"},"sceneLighting":true,"audioPlay":false,"sceneViewState":{"showFog":true,"showMaterialUpdate":false,"showSkybox":true,"showFlares":true,"showImageEffects":true,"showParticleSystems":true},"in2DMode":false,"pivot":{"x":0.5872220993041992,"y":-5.118252277374268,"z":5.281420707702637},"rotation":{"x":-0.31271547079086306,"y":0.1324930489063263,"z":-0.04409942403435707,"w":-0.9395264983177185},"size":20.310382843017579,"orthographic":false}